{"stats":{"minecraft:mined":{"minecraft:deepslate_tiles":37,"minecraft:diamond_ore":2,"minecraft:tuff":37,"minecraft:spruce_planks":1,"minecraft:deepslate_diamond_ore":7,"minecraft:dark_oak_log":26,"minecraft:carved_pumpkin":5,"minecraft:granite":53,"minecraft:budding_amethyst":13,"minecraft:acacia_log":5,"minecraft:grass_block":78,"minecraft:deepslate_bricks":67,"minecraft:moss_block":65,"minecraft:rooted_dirt":20,"minecraft:raw_iron_block":2,"minecraft:furnace":1,"minecraft:raw_gold_block":5,"minecraft:iron_ore":50,"minecraft:cobbled_deepslate":3,"minecraft:snow":66,"minecraft:andesite":34,"minecraft:green_terracotta":8,"minecraft:stripped_spruce_log":1,"minecraft:pumpkin":3,"minecraft:deepslate_lapis_ore":17,"minecraft:deepslate_iron_ore":24,"minecraft:packed_ice":18,"minecraft:stone":131,"minecraft:podzol":6,"minecraft:oak_slab":2,"minecraft:gray_terracotta":6,"minecraft:snow_block":23,"minecraft:powder_snow":16,"minecraft:clay":3,"minecraft:crafting_table":1,"minecraft:torch":3,"minecraft:light_gray_terracotta":2,"minecraft:calcite":66,"minecraft:melon":2,"minecraft:chest":20,"minecraft:copper_ore":61,"minecraft:cobblestone":1,"minecraft:deepslate_coal_ore":18,"minecraft:deepslate_gold_ore":25,"minecraft:lapis_ore":14,"minecraft:diorite":46,"minecraft:amethyst_block":72,"minecraft:deepslate_copper_ore":25,"minecraft:white_terracotta":12,"minecraft:blue_terracotta":3,"minecraft:birch_log":21,"minecraft:blue_ice":9,"minecraft:spruce_log":25,"minecraft:oak_log":42,"minecraft:coal_ore":32,"minecraft:gravel":2,"minecraft:dripstone_block":57,"minecraft:dirt":34,"minecraft:smooth_basalt":31,"minecraft:terracotta":11,"minecraft:raw_copper_block":2,"minecraft:gold_ore":14,"minecraft:oak_leaves":3,"minecraft:deepslate":107},"minecraft:used":{"minecraft:carved_pumpkin":4,"minecraft:stone_shovel":166,"minecraft:spruce_slab":25,"minecraft:chest":6,"minecraft:shield":8,"minecraft:iron_sword":243,"minecraft:wooden_shovel":20,"minecraft:iron_chestplate":1,"minecraft:torch":3,"minecraft:dirt":4,"minecraft:snowball":120,"minecraft:wooden_axe":24,"minecraft:iron_axe":146,"minecraft:smooth_basalt":1,"minecraft:furnace":1,"minecraft:cobbled_deepslate":1,"minecraft:pumpkin":7,"minecraft:snow_block":11,"minecraft:wooden_pickaxe":13,"minecraft:oak_slab":24,"minecraft:crafting_table":1,"minecraft:mushroom_stew":58,"minecraft:cod":1,"minecraft:shears":5,"minecraft:spruce_log":1,"minecraft:deepslate_tiles":2,"minecraft:birch_slab":1,"minecraft:iron_pickaxe":1286,"minecraft:stone_axe":3},"minecraft:killed":{"minecraft:spider":4,"minecraft:skeleton":6,"minecraft:fox":2,"minecraft:chicken":2,"minecraft:axolotl":2,"minecraft:wolf":5,"minecraft:pig":2,"minecraft:rabbit":1,"minecraft:creeper":4,"minecraft:polar_bear":3,"minecraft:goat":7,"minecraft:zombie":13,"minecraft:mooshroom":2,"minecraft:stray":4,"minecraft:cow":1},"minecraft:crafted":{"minecraft:oak_planks":40,"minecraft:stone_shovel":2,"minecraft:iron_axe":2,"minecraft:spruce_slab":24,"minecraft:oak_slab":18,"minecraft:spruce_planks":164,"minecraft:iron_sword":1,"minecraft:birch_planks":16,"minecraft:stone_axe":1,"minecraft:air":0,"minecraft:shield":1,"minecraft:stick":12,"minecraft:iron_ingot":42,"minecraft:iron_pickaxe":5,"minecraft:snow_block":11,"minecraft:shears":1},"minecraft:dropped":{"minecraft:iron_sword":1,"minecraft:golden_helmet":1,"minecraft:diamond":1,"minecraft:mushroom_stew":1,"minecraft:stone_axe":1,"minecraft:raw_copper":1,"minecraft:chest":2,"minecraft:leather_leggings":1,"minecraft:stone_pickaxe":1},"minecraft:picked_up":{"minecraft:wooden_axe":1,"minecraft:iron_chestplate":2,"minecraft:crafting_table":1,"minecraft:chicken":2,"minecraft:clay_ball":12,"minecraft:leather_leggings":1,"minecraft:wooden_pickaxe":9,"minecraft:shield":4,"minecraft:amethyst_block":45,"minecraft:string":13,"minecraft:raw_copper":228,"minecraft:iron_axe":3,"minecraft:wooden_sword":6,"minecraft:iron_leggings":1,"minecraft:deepslate_tiles":23,"minecraft:cobbled_deepslate":90,"minecraft:spruce_planks":14,"minecraft:beef":5,"minecraft:calcite":35,"minecraft:azalea":1,"minecraft:wooden_shovel":11,"minecraft:spruce_slab":1,"minecraft:iron_pickaxe":6,"minecraft:melon_slice":9,"minecraft:chest":14,"minecraft:iron_boots":1,"minecraft:furnace":1,"minecraft:tipped_arrow":5,"minecraft:golden_helmet":2,"minecraft:dark_oak_sapling":3,"minecraft:stick":6,"minecraft:raw_iron":38,"minecraft:raw_gold_block":3,"minecraft:acacia_log":5,"minecraft:torch":66,"minecraft:bowl":2,"minecraft:porkchop":1,"minecraft:diorite":84,"minecraft:green_terracotta":8,"minecraft:rabbit_foot":2,"minecraft:arrow":16,"minecraft:stone_shovel":3,"minecraft:rotten_flesh":16,"minecraft:tropical_fish":1,"minecraft:music_disc_ward":1,"minecraft:deepslate_bricks":29,"minecraft:carved_pumpkin":5,"minecraft:white_terracotta":4,"minecraft:cod":1,"minecraft:snowball":240,"minecraft:rail":5,"minecraft:cobblestone":113,"minecraft:birch_log":30,"minecraft:feather":9,"minecraft:golden_carrot":1,"minecraft:birch_slab":1,"minecraft:andesite":18,"minecraft:leather":19,"minecraft:powder_snow_bucket":1,"minecraft:birch_planks":16,"minecraft:mushroom_stew":8,"minecraft:tuff":13,"minecraft:oak_log":25,"minecraft:gunpowder":5,"minecraft:lapis_lazuli":113,"minecraft:paper":4,"minecraft:dirt":106,"minecraft:leather_boots":2,"minecraft:bone":3,"minecraft:gray_terracotta":4,"minecraft:raw_gold":23,"minecraft:iron_ingot":11,"minecraft:stone_pickaxe":9,"minecraft:rabbit":2,"minecraft:moss_block":51,"minecraft:iron_sword":4,"minecraft:oak_planks":6,"minecraft:book":3,"minecraft:oak_slab":25,"minecraft:smooth_basalt":26,"minecraft:pumpkin":4,"minecraft:sweet_berries":8,"minecraft:budding_amethyst":2,"minecraft:raw_iron_block":1,"minecraft:dripstone_block":36,"minecraft:gravel":3,"minecraft:amethyst_shard":6,"minecraft:stripped_spruce_log":2,"minecraft:spruce_sapling":5,"minecraft:spruce_log":32,"minecraft:dark_oak_log":5,"minecraft:spider_eye":2,"minecraft:leather_helmet":1,"minecraft:pumpkin_seeds":20,"minecraft:blue_terracotta":1,"minecraft:white_concrete_powder":1,"minecraft:diamond":9,"minecraft:writable_book":1,"minecraft:iron_helmet":1,"minecraft:granite":23,"minecraft:terracotta":4,"minecraft:rooted_dirt":20,"minecraft:coal":44},"minecraft:killed_by":{"rolling_giant:angry_rolling_giant":4,"torture:torture":1},"minecraft:broken":{"minecraft:golden_helmet":1,"minecraft:leather_boots":1,"minecraft:iron_pickaxe":4,"minecraft:iron_helmet":1,"minecraft:wooden_axe":1,"minecraft:stone_shovel":1},"minecraft:custom":{"minecraft:mob_kills":55,"minecraft:interact_with_crafting_table":22,"minecraft:damage_dealt_resisted":188,"minecraft:leave_game":19,"minecraft:time_since_death":27062,"minecraft:sprint_one_cm":94777,"minecraft:walk_one_cm":293249,"minecraft:damage_blocked_by_shield":380,"minecraft:drop":10,"minecraft:play_time":109204,"minecraft:sneak_time":4482,"minecraft:deaths":7,"minecraft:jump":693,"minecraft:total_world_time":109204,"minecraft:interact_with_furnace":38,"minecraft:time_since_rest":27088,"minecraft:damage_taken":5581,"minecraft:damage_dealt":10998,"minecraft:fly_one_cm":84432,"minecraft:open_chest":217,"minecraft:crouch_one_cm":4675,"minecraft:fall_one_cm":2567}},"DataVersion":3120}