{"stats":{"minecraft:mined":{"minecraft:podzol":5,"minecraft:oak_slab":5,"minecraft:spruce_planks":5,"minecraft:oak_fence":5,"minecraft:clay":7,"minecraft:torch":1,"minecraft:grass_block":28,"minecraft:melon":6,"minecraft:chest":4,"minecraft:oak_planks":1,"minecraft:moss_block":4,"minecraft:diorite":1,"minecraft:white_terracotta":4,"minecraft:spruce_stairs":5,"minecraft:oak_log":8,"minecraft:dirt":8,"minecraft:oak_leaves":2},"minecraft:used":{"minecraft:amethyst_block":3,"minecraft:oak_fence":24,"minecraft:moss_block":4,"minecraft:diorite":2,"minecraft:stone_sword":31,"minecraft:birch_planks":2,"minecraft:stone_pickaxe":9,"minecraft:spruce_slab":50,"minecraft:oak_planks":8,"minecraft:chest":5,"minecraft:spruce_planks":12,"minecraft:wooden_pickaxe":3,"minecraft:shield":17,"minecraft:white_terracotta":8,"minecraft:wooden_shovel":28,"minecraft:dirt":24,"minecraft:oak_slab":205,"minecraft:crafting_table":2,"minecraft:mushroom_stew":14,"minecraft:spruce_stairs":15,"minecraft:snowball":5,"minecraft:birch_fence":3,"minecraft:oak_log":1,"minecraft:wooden_axe":15,"minecraft:apple":2,"minecraft:iron_axe":3,"minecraft:birch_slab":6,"minecraft:melon_slice":6,"minecraft:golden_helmet":1,"minecraft:stone_axe":16,"minecraft:wooden_sword":1,"minecraft:cobblestone":3},"minecraft:killed":{"minecraft:pig":1,"minecraft:rabbit":2,"minecraft:spider":3,"minecraft:zombie":5},"minecraft:crafted":{"minecraft:oak_slab":126,"minecraft:oak_planks":108,"minecraft:crafting_table":2,"minecraft:spruce_planks":64,"minecraft:wooden_pickaxe":1,"minecraft:bowl":4,"minecraft:birch_slab":6,"minecraft:birch_planks":32,"minecraft:air":0,"minecraft:spruce_stairs":20,"minecraft:birch_fence":3,"minecraft:spruce_slab":90,"minecraft:stick":40,"minecraft:iron_ingot":4,"minecraft:wooden_axe":1,"minecraft:oak_fence":15},"minecraft:dropped":{"minecraft:stripped_spruce_log":1,"minecraft:birch_planks":8,"minecraft:bowl":1,"minecraft:stone_shovel":1,"minecraft:rotten_flesh":2,"minecraft:cobblestone":15,"minecraft:leather":5,"minecraft:granite":1,"minecraft:mushroom_stew":1,"minecraft:shield":2,"minecraft:diorite":3,"minecraft:golden_carrot":1,"minecraft:melon_slice":3,"minecraft:wooden_shovel":2,"minecraft:wooden_sword":1,"minecraft:spruce_log":5,"minecraft:iron_axe":2,"minecraft:arrow":2,"minecraft:stone_pickaxe":3,"minecraft:wooden_pickaxe":2,"minecraft:iron_pickaxe":1,"minecraft:calcite":3},"minecraft:picked_up":{"minecraft:wooden_axe":1,"minecraft:birch_log":49,"minecraft:feather":3,"minecraft:chicken":2,"minecraft:golden_carrot":1,"minecraft:clay_ball":40,"minecraft:andesite":8,"minecraft:leather_leggings":4,"minecraft:leather":7,"minecraft:wooden_pickaxe":15,"minecraft:birch_planks":25,"minecraft:mushroom_stew":5,"minecraft:oak_log":27,"minecraft:shield":4,"minecraft:amethyst_block":10,"minecraft:string":6,"minecraft:dirt":161,"man:cassette_1safetyinstructions":1,"minecraft:raw_copper":115,"minecraft:iron_axe":2,"minecraft:wooden_sword":22,"minecraft:bone":3,"minecraft:birch_fence":1,"minecraft:apple":11,"minecraft:wheat_seeds":3,"minecraft:raw_gold":1,"minecraft:spruce_planks":53,"minecraft:rabbit_hide":5,"minecraft:iron_ingot":2,"minecraft:beef":1,"minecraft:stone_pickaxe":22,"minecraft:calcite":7,"minecraft:azalea":3,"minecraft:wooden_shovel":14,"minecraft:iron_pickaxe":1,"minecraft:rabbit":3,"minecraft:moss_block":40,"minecraft:melon_slice":62,"minecraft:chest":8,"minecraft:oak_planks":13,"minecraft:egg":3,"minecraft:golden_helmet":1,"minecraft:raw_iron":10,"minecraft:oak_slab":281,"minecraft:stick":6,"minecraft:glow_lichen":2,"minecraft:sweet_berries":2,"minecraft:oak_fence":11,"minecraft:torch":57,"minecraft:bowl":2,"minecraft:spruce_stairs":43,"minecraft:dripstone_block":64,"minecraft:amethyst_shard":1,"minecraft:stripped_spruce_log":1,"minecraft:spruce_sapling":2,"minecraft:spruce_log":17,"minecraft:diorite":5,"minecraft:spider_eye":3,"minecraft:stone_sword":3,"minecraft:arrow":2,"minecraft:stone_shovel":1,"minecraft:rotten_flesh":11,"minecraft:tropical_fish":2,"minecraft:stone_axe":3,"minecraft:granite":1,"minecraft:white_terracotta":8,"minecraft:oak_sapling":3,"minecraft:coal":25,"minecraft:cod":10,"minecraft:snowball":8,"minecraft:rail":1,"minecraft:cobblestone":114},"minecraft:broken":{"minecraft:wooden_shovel":1},"minecraft:killed_by":{"rolling_giant:rolling_giant_moving":1,"torture:torture":1,"cartoon_dweller:cartoon_dweller":1,"rolling_giant:angry_rolling_giant":1},"minecraft:custom":{"minecraft:interact_with_furnace":13,"minecraft:mob_kills":12,"minecraft:interact_with_crafting_table":34,"minecraft:leave_game":15,"minecraft:time_since_death":3139,"minecraft:time_since_rest":3173,"minecraft:sprint_one_cm":82942,"minecraft:damage_taken":3610,"minecraft:walk_one_cm":290033,"minecraft:damage_blocked_by_shield":275,"minecraft:drop":51,"minecraft:damage_dealt":2254,"minecraft:fly_one_cm":41310,"minecraft:open_chest":78,"minecraft:crouch_one_cm":34429,"minecraft:play_time":161639,"minecraft:sneak_time":14160,"minecraft:deaths":9,"minecraft:jump":322,"minecraft:total_world_time":161639,"minecraft:fall_one_cm":1380}},"DataVersion":3120}