{"stats":{"minecraft:mined":{"minecraft:podzol":5,"minecraft:oak_slab":1,"minecraft:oak_fence":5,"minecraft:clay":7,"minecraft:torch":1,"minecraft:grass_block":28,"minecraft:melon":6,"minecraft:chest":4,"minecraft:oak_planks":1,"minecraft:oak_log":7,"minecraft:dirt":4},"minecraft:used":{"minecraft:oak_fence":24,"minecraft:stone_sword":17,"minecraft:oak_planks":7,"minecraft:chest":3,"minecraft:wooden_pickaxe":2,"minecraft:wooden_shovel":26,"minecraft:dirt":10,"minecraft:oak_slab":178,"minecraft:crafting_table":1,"minecraft:mushroom_stew":1,"minecraft:birch_fence":3,"minecraft:wooden_axe":15,"minecraft:apple":2,"minecraft:birch_slab":6,"minecraft:melon_slice":6},"minecraft:dropped":{"minecraft:cobblestone":15,"minecraft:wooden_shovel":1,"minecraft:wooden_pickaxe":1},"minecraft:custom":{"minecraft:interact_with_furnace":7,"minecraft:mob_kills":6,"minecraft:interact_with_crafting_table":23,"minecraft:leave_game":9,"minecraft:time_since_death":5525,"minecraft:time_since_rest":5569,"minecraft:sprint_one_cm":12089,"minecraft:damage_taken":990,"minecraft:walk_one_cm":123910,"minecraft:drop":3,"minecraft:damage_dealt":844,"minecraft:fly_one_cm":6199,"minecraft:open_chest":63,"minecraft:crouch_one_cm":20108,"minecraft:play_time":53339,"minecraft:deaths":3,"minecraft:sneak_time":9438,"minecraft:jump":40,"minecraft:total_world_time":53339,"minecraft:fall_one_cm":209},"minecraft:crafted":{"minecraft:oak_slab":60,"minecraft:oak_planks":68,"minecraft:crafting_table":1,"minecraft:wooden_pickaxe":1,"minecraft:birch_slab":6,"minecraft:birch_planks":32,"minecraft:air":0,"minecraft:birch_fence":3,"minecraft:stick":40,"minecraft:iron_ingot":3,"minecraft:wooden_axe":1,"minecraft:oak_fence":15},"minecraft:broken":{"minecraft:wooden_shovel":1},"minecraft:picked_up":{"minecraft:wooden_axe":1,"minecraft:birch_log":30,"minecraft:chicken":2,"minecraft:clay_ball":40,"minecraft:andesite":8,"minecraft:leather":2,"minecraft:wooden_pickaxe":8,"minecraft:birch_planks":17,"minecraft:oak_log":17,"minecraft:shield":2,"minecraft:amethyst_block":2,"minecraft:dirt":120,"minecraft:string":2,"minecraft:raw_copper":20,"man:cassette_1safetyinstructions":1,"minecraft:birch_fence":1,"minecraft:apple":11,"minecraft:wheat_seeds":3,"minecraft:rabbit_hide":4,"minecraft:beef":1,"minecraft:calcite":4,"minecraft:azalea":2,"minecraft:wooden_shovel":9,"minecraft:rabbit":3,"minecraft:melon_slice":59,"minecraft:chest":6,"minecraft:oak_planks":13,"minecraft:egg":3,"minecraft:glow_lichen":2,"minecraft:oak_slab":281,"minecraft:stick":4,"minecraft:raw_iron":1,"minecraft:oak_fence":11,"minecraft:torch":8,"minecraft:bowl":2,"minecraft:amethyst_shard":1,"minecraft:spruce_sapling":2,"minecraft:diorite":2,"minecraft:spider_eye":1,"minecraft:stone_sword":2,"minecraft:rotten_flesh":3,"minecraft:oak_sapling":3,"minecraft:coal":1,"minecraft:cobblestone":15},"minecraft:killed":{"minecraft:rabbit":1,"minecraft:spider":2,"minecraft:zombie":2}},"DataVersion":3120}