{"stats":{"minecraft:mined":{"minecraft:oak_slab":6,"minecraft:oak_fence":8,"minecraft:clay":22,"minecraft:granite":12,"minecraft:grass_block":111,"minecraft:calcite":9,"minecraft:melon":4,"minecraft:chest":12,"minecraft:copper_ore":27,"minecraft:oak_planks":6,"minecraft:diorite":9,"minecraft:amethyst_block":5,"minecraft:birch_log":27,"minecraft:iron_ore":9,"minecraft:andesite":18,"minecraft:pumpkin":3,"minecraft:oak_log":58,"minecraft:coal_ore":8,"minecraft:dirt":26,"minecraft:stone":91,"minecraft:birch_fence":1,"minecraft:podzol":25},"minecraft:used":{"minecraft:oak_fence":17,"minecraft:stone_sword":15,"minecraft:stone_shovel":10,"minecraft:stone_pickaxe":190,"minecraft:wooden_pickaxe":19,"minecraft:chest":3,"minecraft:shield":1,"minecraft:wooden_shovel":147,"minecraft:torch":9,"minecraft:dirt":4,"minecraft:oak_slab":101,"minecraft:mushroom_stew":1,"minecraft:wooden_axe":126,"minecraft:birch_slab":4,"minecraft:melon_slice":11,"minecraft:stone_axe":18,"minecraft:furnace":1,"minecraft:oak_sapling":3},"minecraft:killed":{"minecraft:rabbit":5,"minecraft:sheep":4,"minecraft:zombie":2,"minecraft:chicken":2,"minecraft:cow":2},"minecraft:dropped":{"minecraft:oak_slab":529,"minecraft:stone_sword":3,"minecraft:bowl":2,"minecraft:shield":1,"minecraft:wooden_shovel":3},"minecraft:crafted":{"minecraft:brick":4,"minecraft:oak_planks":208,"minecraft:oak_slab":258,"minecraft:wooden_shovel":3,"minecraft:stone_shovel":2,"minecraft:wooden_pickaxe":1,"minecraft:bowl":4,"minecraft:birch_slab":6,"minecraft:furnace":1,"minecraft:birch_planks":8,"minecraft:stone_axe":2,"minecraft:air":0,"minecraft:shield":2,"minecraft:stick":36,"minecraft:iron_ingot":4,"minecraft:stone_pickaxe":3,"minecraft:wooden_axe":3,"minecraft:stone_sword":2,"minecraft:torch":8,"minecraft:oak_fence":12},"minecraft:picked_up":{"minecraft:birch_log":35,"minecraft:chicken":2,"minecraft:feather":4,"minecraft:purple_wool":1,"minecraft:golden_carrot":1,"minecraft:clay_ball":128,"minecraft:water_bucket":1,"minecraft:andesite":20,"minecraft:brown_wool":2,"minecraft:leather":2,"minecraft:wooden_pickaxe":2,"minecraft:mushroom_stew":1,"minecraft:oak_log":54,"minecraft:shield":1,"minecraft:amethyst_block":3,"minecraft:dirt":205,"minecraft:raw_copper":91,"man:cassette_1safetyinstructions":1,"minecraft:birch_fence":1,"minecraft:rabbit_hide":6,"minecraft:iron_ingot":3,"minecraft:beef":1,"minecraft:stone_pickaxe":1,"minecraft:calcite":5,"minecraft:wooden_shovel":6,"minecraft:rabbit":4,"minecraft:melon_slice":41,"minecraft:chest":13,"minecraft:oak_planks":16,"minecraft:blue_wool":2,"minecraft:dark_oak_sapling":1,"minecraft:lime_wool":2,"minecraft:oak_slab":372,"minecraft:stick":6,"minecraft:raw_iron":10,"minecraft:pumpkin":6,"minecraft:oak_fence":5,"minecraft:torch":2,"minecraft:amethyst_shard":6,"minecraft:diorite":7,"minecraft:rabbit_foot":2,"minecraft:stone_sword":3,"minecraft:rotten_flesh":1,"minecraft:stone_shovel":1,"minecraft:stone_axe":1,"minecraft:granite":12,"minecraft:oak_sapling":3,"minecraft:mutton":14,"minecraft:coal":8,"minecraft:cobblestone":112,"minecraft:wooden_axe":4},"minecraft:killed_by":{"rolling_giant:rolling_giant_moving":1},"minecraft:custom":{"minecraft:interact_with_furnace":17,"minecraft:mob_kills":14,"minecraft:interact_with_crafting_table":31,"minecraft:leave_game":20,"minecraft:time_since_death":4092,"minecraft:time_since_rest":4187,"minecraft:sprint_one_cm":4562,"minecraft:damage_taken":915,"minecraft:walk_one_cm":75009,"minecraft:damage_blocked_by_shield":85,"minecraft:drop":18,"minecraft:damage_dealt":1344,"minecraft:fly_one_cm":5431,"minecraft:open_chest":30,"minecraft:crouch_one_cm":13024,"minecraft:play_time":42306,"minecraft:deaths":2,"minecraft:sneak_time":4927,"minecraft:jump":95,"minecraft:total_world_time":42306,"minecraft:fall_one_cm":1143},"minecraft:broken":{"minecraft:stone_pickaxe":1,"minecraft:wooden_shovel":1,"minecraft:wooden_axe":2}},"DataVersion":3120}