{"stats":{"minecraft:mined":{"minecraft:deepslate_tiles":20,"minecraft:diamond_ore":3,"minecraft:tuff":16,"minecraft:spruce_planks":1,"minecraft:deepslate_diamond_ore":4,"minecraft:dark_oak_log":12,"minecraft:granite":17,"minecraft:budding_amethyst":16,"minecraft:grass_block":32,"minecraft:deepslate_bricks":38,"minecraft:moss_block":4,"minecraft:white_concrete_powder":1,"minecraft:iron_ore":7,"minecraft:cobbled_deepslate":2,"minecraft:andesite":13,"minecraft:pumpkin":1,"minecraft:deepslate_lapis_ore":18,"minecraft:deepslate_iron_ore":18,"minecraft:packed_ice":11,"minecraft:stone":73,"minecraft:podzol":1,"minecraft:gray_terracotta":2,"minecraft:oak_slab":3,"minecraft:snow_block":32,"minecraft:powder_snow":3,"minecraft:clay":1,"minecraft:torch":1,"minecraft:light_gray_terracotta":2,"minecraft:calcite":29,"minecraft:melon":3,"minecraft:chest":13,"minecraft:copper_ore":24,"minecraft:deepslate_coal_ore":15,"minecraft:deepslate_gold_ore":10,"minecraft:diorite":26,"minecraft:amethyst_block":38,"minecraft:deepslate_copper_ore":12,"minecraft:white_terracotta":4,"minecraft:birch_log":7,"minecraft:blue_ice":10,"minecraft:spruce_log":14,"minecraft:oak_log":14,"minecraft:coal_ore":5,"minecraft:gravel":2,"minecraft:dripstone_block":7,"minecraft:dirt":11,"minecraft:smooth_basalt":16,"minecraft:terracotta":10,"minecraft:raw_copper_block":3,"minecraft:gold_ore":1,"minecraft:oak_leaves":2,"minecraft:deepslate":56},"minecraft:used":{"minecraft:oak_fence":2,"minecraft:spruce_slab":2,"minecraft:chest":19,"minecraft:spruce_planks":1,"minecraft:white_terracotta":1,"minecraft:iron_sword":125,"minecraft:wooden_shovel":57,"minecraft:torch":13,"minecraft:dirt":1,"minecraft:snowball":56,"minecraft:oak_fence_gate":1,"minecraft:cobbled_deepslate":4,"minecraft:amethyst_block":1,"minecraft:stone_pickaxe":101,"minecraft:wooden_pickaxe":54,"minecraft:terracotta":3,"minecraft:oak_slab":23,"minecraft:mushroom_stew":39,"minecraft:birch_slab":2,"minecraft:iron_pickaxe":456,"minecraft:budding_amethyst":1,"minecraft:stone_axe":62,"minecraft:wooden_sword":4,"minecraft:cobblestone":1,"minecraft:andesite":2},"minecraft:killed":{"minecraft:skeleton":3,"minecraft:fox":2,"minecraft:chicken":1,"minecraft:creeper":2,"minecraft:zombie":5,"minecraft:mooshroom":1,"minecraft:stray":4},"minecraft:dropped":{"minecraft:iron_leggings":1,"minecraft:wooden_sword":2,"minecraft:stone_sword":1,"minecraft:iron_boots":1,"minecraft:iron_chestplate":1,"minecraft:andesite":1},"minecraft:crafted":{"minecraft:oak_planks":48,"minecraft:iron_boots":2,"minecraft:stone_pickaxe":1,"minecraft:oak_fence":3,"minecraft:cooked_rabbit":2,"minecraft:cooked_beef":6,"minecraft:oak_slab":6,"minecraft:iron_helmet":1,"minecraft:iron_sword":1,"minecraft:copper_ingot":4,"minecraft:birch_planks":8,"minecraft:stone_axe":1,"minecraft:air":0,"minecraft:oak_fence_gate":1,"minecraft:iron_chestplate":2,"minecraft:diamond_pickaxe":1,"minecraft:shield":1,"minecraft:stick":20,"minecraft:iron_ingot":34,"minecraft:iron_pickaxe":3,"minecraft:gold_ingot":9,"minecraft:iron_leggings":2},"minecraft:picked_up":{"minecraft:iron_chestplate":1,"minecraft:chicken":1,"minecraft:clay_ball":8,"minecraft:wooden_pickaxe":5,"minecraft:bee_spawn_egg":1,"minecraft:shield":1,"minecraft:amethyst_block":112,"minecraft:string":6,"minecraft:raw_copper":280,"minecraft:wooden_sword":9,"minecraft:iron_leggings":1,"minecraft:deepslate_tiles":47,"minecraft:candle":6,"minecraft:cobbled_deepslate":147,"minecraft:spruce_planks":90,"minecraft:beef":5,"minecraft:calcite":71,"minecraft:azalea":3,"minecraft:wooden_shovel":4,"minecraft:iron_pickaxe":3,"minecraft:spruce_slab":2,"minecraft:melon_slice":27,"minecraft:chest":28,"minecraft:iron_boots":1,"minecraft:raw_copper_block":5,"minecraft:golden_helmet":1,"minecraft:tipped_arrow":2,"minecraft:dark_oak_sapling":7,"minecraft:stick":6,"minecraft:raw_iron":62,"minecraft:raw_gold_block":7,"minecraft:big_dripleaf":8,"minecraft:copper_ingot":3,"minecraft:oak_fence":2,"minecraft:torch":32,"minecraft:bowl":3,"minecraft:amethyst_cluster":1,"minecraft:porkchop":2,"minecraft:diorite":52,"minecraft:weeping_vines":2,"minecraft:stone_sword":2,"minecraft:arrow":19,"minecraft:rotten_flesh":7,"minecraft:shears":1,"minecraft:deepslate_bricks":103,"minecraft:white_terracotta":12,"minecraft:cod":4,"minecraft:snowball":189,"minecraft:rail":2,"minecraft:cobblestone":221,"minecraft:birch_log":44,"minecraft:feather":22,"minecraft:golden_carrot":1,"minecraft:birch_slab":2,"minecraft:andesite":49,"minecraft:leather":7,"minecraft:music_disc_stal":1,"minecraft:mushroom_stew":3,"minecraft:tuff":75,"minecraft:oak_log":47,"minecraft:gunpowder":3,"minecraft:map":1,"minecraft:lapis_lazuli":215,"minecraft:dirt":106,"minecraft:bone":33,"minecraft:apple":4,"minecraft:gray_terracotta":6,"minecraft:wheat_seeds":6,"minecraft:raw_gold":39,"minecraft:rabbit_hide":5,"minecraft:light_blue_dye":5,"minecraft:stone_pickaxe":12,"minecraft:moss_block":12,"minecraft:oak_planks":2,"minecraft:iron_sword":7,"minecraft:flowering_azalea":4,"minecraft:oak_slab":58,"minecraft:glow_lichen":10,"minecraft:smooth_basalt":26,"minecraft:pumpkin":1,"minecraft:sweet_berries":1,"minecraft:budding_amethyst":8,"minecraft:gravel":4,"minecraft:raw_iron_block":1,"minecraft:dripstone_block":20,"minecraft:amethyst_shard":2,"minecraft:spruce_sapling":4,"minecraft:spruce_log":45,"minecraft:spider_eye":2,"minecraft:dark_oak_log":32,"minecraft:light_gray_terracotta":4,"minecraft:blue_terracotta":2,"minecraft:diamond":9,"minecraft:stone_axe":2,"minecraft:writable_book":1,"minecraft:iron_helmet":1,"minecraft:granite":84,"minecraft:bone_meal":14,"minecraft:golden_apple":1,"minecraft:terracotta":30,"minecraft:coal":56},"minecraft:broken":{"minecraft:iron_pickaxe":1},"minecraft:killed_by":{"minecraft:stray":1,"the_rake:the_rake":1,"rolling_giant:angry_rolling_giant":1,"man:managgresive":1},"minecraft:custom":{"minecraft:mob_kills":20,"minecraft:interact_with_crafting_table":25,"minecraft:damage_dealt_resisted":408,"minecraft:leave_game":8,"minecraft:time_since_death":4068,"minecraft:damage_resisted":160,"minecraft:sprint_one_cm":125057,"minecraft:walk_one_cm":283601,"minecraft:drop":7,"minecraft:play_time":94787,"minecraft:deaths":6,"minecraft:sneak_time":6702,"minecraft:jump":629,"minecraft:total_world_time":94787,"minecraft:interact_with_furnace":87,"minecraft:time_since_rest":4132,"minecraft:damage_taken":3891,"minecraft:damage_dealt":6030,"minecraft:fly_one_cm":103362,"minecraft:open_chest":344,"minecraft:crouch_one_cm":12559,"minecraft:fall_one_cm":8710}},"DataVersion":3120}